Type,Name,Request Count,Failure Count,Median Response Time,Average Response Time,Min Response Time,Max Response Time,Average Content Size,Requests/s,Failures/s,50%,66%,75%,80%,90%,95%,98%,99%,99.9%,99.99%,100%
socket,send_message,189,0,4000,3528.5026455026455,2002,5005,16.0,1.1904182971432127,0.0,4000,4000,4000,5000,5000,5000,5000,5000,5000,5000,5000
,Aggregated,189,0,4000,3528.5026455026455,2002,5005,16.0,1.1904182971432127,0.0,4000,4000,4000,5000,5000,5000,5000,5000,5000,5000,5000
